id,kullanici_id,giris_tarihi,cikis_tarihi,workday_date,admin_locked
7877,59,2025-07-31T07:52:49,2025-07-31T17:19:35,2025-07-31,True
7878,59,2025-08-01T08:15:08,2025-08-01T18:19:15,2025-08-01,True
7879,59,2025-08-03T07:58:55,2025-08-03T18:02:59,2025-08-03,True
7880,59,2025-08-05T07:58:11,2025-08-05T17:37:04,2025-08-05,True
7881,59,2025-08-06T08:14:01,2025-08-06T18:13:44,2025-08-06,True
7882,59,2025-08-07T07:55:44,2025-08-07T18:32:46,2025-08-07,True
7883,59,2025-08-08T07:51:51,2025-08-08T18:00:18,2025-08-08,True
7884,59,2025-08-09T07:56:21,2025-08-09T17:03:39,2025-08-09,True
7885,59,2025-08-10T07:51:51,2025-08-10T16:26:04,2025-08-10,True
7886,59,2025-08-12T07:58:43,2025-08-12T17:11:42,2025-08-12,True
7887,59,2025-08-13T08:07:41,2025-08-13T17:28:05,2025-08-13,True
7888,59,2025-08-15T12:45:47,2025-08-15T17:51:34,2025-08-15,True
7889,59,2025-08-16T07:52:03,2025-08-16T17:35:36,2025-08-16,True
7890,59,2025-08-17T07:52:52,2025-08-17T17:06:49,2025-08-17,True
10121,10,2025-08-17T11:00:00,2025-08-17T20:56:00,2025-08-17,True
563868,38,2025-08-09T14:19:00,2025-08-10T00:30:00,2025-08-09,True
338837,57,2025-08-20T14:00:00,2025-08-21T00:05:00,2025-08-20,True
7780,40,2025-07-29T17:06:40,2025-07-30T00:21:55,2025-07-29,True
7781,40,2025-07-30T12:58:19,2025-07-31T00:09:25,2025-07-30,True
7782,40,2025-07-31T08:03:05,2025-07-31T16:59:16,2025-07-31,True
7783,40,2025-08-01T17:01:21,2025-08-01T20:05:23,2025-08-01,True
10005,43,2025-07-29T18:05:26,2025-07-30T00:38:56,2025-07-29,True
10006,43,2025-07-30T17:58:56,2025-07-31T00:11:21,2025-07-30,True
10007,43,2025-07-31T17:58:58,2025-07-31T20:23:47,2025-07-31,True
10008,43,2025-08-03T16:01:32,2025-08-04T00:35:59,2025-08-03,True
10009,43,2025-08-07T18:07:17,2025-08-08T00:10:36,2025-08-07,True
10010,43,2025-08-08T17:58:48,2025-08-09T00:36:50,2025-08-08,True
10011,43,2025-08-09T18:04:29,2025-08-10T00:49:15,2025-08-09,True
10012,43,2025-08-10T18:07:49,2025-08-11T00:39:28,2025-08-10,True
36536,65,2025-08-19T17:00:00,2025-08-20T00:30:00,2025-08-19,True
338838,3,2025-08-23T08:10:00,2025-08-23T22:15:00,2025-08-23,True
10979,2,2025-08-19T09:09:00,2025-08-19T10:10:00,2025-08-19,True
316,14,2025-08-09T11:00:00,2025-08-09T22:00:00,2025-08-09,True
7474,14,2025-08-17T07:59:00,2025-08-17T15:00:00,2025-08-17,True
7518,53,2025-08-05T15:29:00,2025-08-06T00:30:00,2025-08-05,True
7519,53,2025-08-06T16:58:00,2025-08-07T00:30:00,2025-08-06,True
7520,53,2025-08-17T14:16:00,2025-08-18T00:30:00,2025-08-17,True
7469,11,2025-08-15T15:12:00,2025-08-16T00:30:00,2025-08-15,True
7464,7,2025-08-13T16:56:00,2025-08-14T00:30:00,2025-08-13,True
52500,51,2025-08-13T18:06:00,2025-08-14T00:45:00,2025-08-13,True
442348,10,2025-08-19T14:38:00,2025-08-19T23:59:00,2025-08-19,True
560783,11,2025-08-30T08:44:00,2025-08-30T17:00:00,2025-08-30,True
560782,11,2025-08-28T17:25:00,2025-08-29T00:30:00,2025-08-28,True
9242,10,2025-08-09T12:02:00,2025-08-10T00:15:00,2025-08-09,True
610032,12,2025-08-20T21:00:00,2025-08-21T00:08:00,2025-08-20,True
610093,36,2025-08-20T08:00:00,2025-08-20T17:50:00,2025-08-20,True
610071,28,2025-08-06T12:00:00,2025-08-07T00:08:00,2025-08-06,True
610072,28,2025-08-09T14:00:00,2025-08-10T00:49:00,2025-08-09,True
610073,28,2025-08-19T11:00:00,2025-08-19T23:00:00,2025-08-19,True
7876,59,2025-07-29T08:28:15,2025-07-29T17:11:01,2025-07-29,True
9295,51,2025-08-05T18:55:00,2025-08-06T00:30:00,2025-08-05,True
7909,62,2025-08-05T15:29:53,2025-08-06T00:35:27,2025-08-05,True
7910,62,2025-08-06T13:58:06,2025-08-07T00:12:02,2025-08-06,True
7911,62,2025-08-07T14:00:04,2025-08-08T00:07:11,2025-08-07,True
7912,62,2025-08-09T11:03:33,2025-08-09T17:52:24,2025-08-09,True
7913,62,2025-08-10T11:07:57,2025-08-10T21:10:38,2025-08-10,True
7914,62,2025-08-12T13:57:58,2025-08-13T00:11:55,2025-08-12,True
7915,62,2025-08-13T14:02:32,2025-08-14T00:41:05,2025-08-13,True
7916,62,2025-08-14T13:05:57,2025-08-15T00:25:05,2025-08-14,True
7917,62,2025-08-15T17:00:45,2025-08-16T00:46:19,2025-08-15,True
7918,62,2025-08-16T10:52:08,2025-08-16T20:58:42,2025-08-16,True
7919,62,2025-08-17T10:04:01,2025-08-17T19:56:37,2025-08-17,True
7992,59,2025-07-30T08:46:44,,2025-07-30,True
7993,59,2025-08-14T07:48:57,,2025-08-14,True
898900,2,2025-08-18T16:07:49,2025-08-18T16:17:26,2025-08-18,False
898901,2,2025-08-18T16:24:21,2025-08-18T16:36:49,2025-08-18,False
898902,2,2025-08-18T16:45:58,2025-08-18T16:54:52,2025-08-18,False
898903,2,2025-08-18T16:59:04,2025-08-18T17:13:10,2025-08-18,False
898904,2,2025-08-18T17:21:11,2025-08-18T17:27:05,2025-08-18,False
898905,2,2025-08-18T17:30:02,2025-08-18T17:42:21,2025-08-18,False
898906,2,2025-08-18T17:52:47,2025-08-18T18:17:23,2025-08-18,False
898907,2,2025-08-19T09:09:02,2025-08-19T14:41:11,2025-08-19,False
898908,2,2025-08-25T17:11:18,2025-08-25T17:20:32,2025-08-25,False
898909,2,2025-08-25T17:26:41,2025-08-25T17:45:14,2025-08-25,False
898910,3,2025-07-29T08:22:28,2025-07-29T17:57:02,2025-07-29,False
898911,3,2025-07-29T21:05:34,2025-07-29T23:41:48,2025-07-29,False
898912,3,2025-07-30T11:52:49,2025-07-31T00:16:26,2025-07-30,False
898913,3,2025-07-31T08:29:04,2025-07-31T17:00:38,2025-07-31,False
898914,3,2025-08-01T09:00:05,2025-08-01T18:09:02,2025-08-01,False
898915,3,2025-08-02T08:20:04,2025-08-02T18:31:31,2025-08-02,False
898916,3,2025-08-03T11:54:04,2025-08-03T23:54:50,2025-08-03,False
898917,3,2025-08-05T08:28:45,2025-08-05T20:56:12,2025-08-05,False
898918,3,2025-08-06T09:00:58,2025-08-06T17:06:41,2025-08-06,False
898919,3,2025-08-07T12:15:06,2025-08-08T00:11:26,2025-08-07,False
898920,3,2025-08-08T09:01:22,2025-08-08T17:19:02,2025-08-08,False
898921,3,2025-08-09T09:11:46,2025-08-09T17:52:57,2025-08-09,False
898922,3,2025-08-10T11:05:01,2025-08-10T17:19:17,2025-08-10,False
898923,3,2025-08-12T07:58:16,2025-08-12T17:11:20,2025-08-12,False
898924,3,2025-08-13T08:04:02,2025-08-13T17:34:41,2025-08-13,False
898925,3,2025-08-14T08:10:01,2025-08-14T18:20:31,2025-08-14,False
898926,3,2025-08-15T08:10:24,2025-08-15T17:17:13,2025-08-15,False
898927,3,2025-08-16T08:05:40,2025-08-16T17:13:56,2025-08-16,False
898928,3,2025-08-17T08:01:28,2025-08-17T17:18:55,2025-08-17,False
898929,3,2025-08-19T08:15:14,2025-08-19T17:03:50,2025-08-19,False
898930,3,2025-08-21T08:11:28,2025-08-21T18:14:01,2025-08-21,False
898931,3,2025-08-22T08:13:33,2025-08-22T17:39:36,2025-08-22,False
898932,3,2025-08-24T08:22:30,2025-08-24T17:16:28,2025-08-24,False
898933,3,2025-08-26T08:46:24,2025-08-26T18:32:29,2025-08-26,False
898934,3,2025-08-29T08:07:26,2025-08-29T17:44:51,2025-08-29,False
898935,3,2025-08-30T10:37:03,2025-08-30T16:59:17,2025-08-30,False
898936,3,2025-08-31T08:05:26,2025-08-31T14:27:06,2025-08-31,False
898937,3,2025-09-02T18:58:07,2025-09-03T00:38:32,2025-09-02,False
898938,3,2025-09-03T14:27:21,2025-09-04T00:46:03,2025-09-03,False
898939,3,2025-09-04T14:27:22,2025-09-05T00:26:56,2025-09-04,False
898940,3,2025-09-05T14:36:08,2025-09-06T00:33:56,2025-09-05,False
898941,3,2025-09-06T15:08:19,2025-09-07T00:37:34,2025-09-06,False
898942,3,2025-09-07T14:28:03,2025-09-08T00:34:27,2025-09-07,False
898943,3,2025-09-09T15:04:41,2025-09-10T00:25:13,2025-09-09,False
898944,3,2025-09-10T14:24:55,2025-09-11T00:14:40,2025-09-10,False
898945,3,2025-09-11T14:29:08,2025-09-12T00:20:54,2025-09-11,False
898946,5,2025-07-30T15:05:10,2025-07-31T00:13:28,2025-07-30,False
898947,5,2025-07-31T12:53:18,2025-08-01T00:27:25,2025-07-31,False
898948,5,2025-08-01T07:57:01,2025-08-01T17:06:46,2025-08-01,False
898949,5,2025-08-02T13:52:22,2025-08-03T00:30:02,2025-08-02,False
898950,5,2025-08-03T14:00:44,2025-08-04T00:21:23,2025-08-03,False
898951,5,2025-08-05T13:58:24,2025-08-06T00:34:33,2025-08-05,False
898952,5,2025-08-06T08:12:30,2025-08-06T16:59:31,2025-08-06,False
898953,5,2025-08-08T12:00:05,2025-08-09T00:37:45,2025-08-08,False
898954,5,2025-08-09T12:59:04,2025-08-10T00:48:02,2025-08-09,False
898955,5,2025-08-10T14:00:55,2025-08-11T00:37:32,2025-08-10,False
898956,5,2025-08-12T12:59:31,2025-08-13T00:22:31,2025-08-12,False
898957,5,2025-08-13T16:52:43,2025-08-14T00:43:32,2025-08-13,False
898958,5,2025-08-14T17:51:19,2025-08-14T23:00:52,2025-08-14,False
898959,5,2025-08-15T08:11:34,2025-08-15T17:19:11,2025-08-15,False
898960,5,2025-08-16T12:50:49,2025-08-17T00:35:28,2025-08-16,False
898961,5,2025-08-17T13:01:16,2025-08-18T00:20:09,2025-08-17,False
898962,5,2025-08-19T12:56:38,2025-08-20T00:30:39,2025-08-19,False
898963,5,2025-08-20T07:57:54,2025-08-20T13:27:48,2025-08-20,False
898964,5,2025-08-21T17:44:10,2025-08-22T00:09:37,2025-08-21,False
898965,5,2025-08-22T13:02:09,2025-08-23T00:42:24,2025-08-22,False
898966,5,2025-08-23T11:52:39,2025-08-24T00:27:52,2025-08-23,False
898967,5,2025-08-24T07:54:41,2025-08-24T17:16:00,2025-08-24,False
898968,5,2025-08-26T08:01:35,2025-08-26T15:03:18,2025-08-26,False
898969,5,2025-08-26T19:59:48,2025-08-27T00:14:15,2025-08-26,False
898970,5,2025-08-27T13:45:50,2025-08-28T00:42:41,2025-08-27,False
898971,5,2025-08-28T09:11:23,2025-08-28T17:02:12,2025-08-28,False
898972,5,2025-08-29T12:56:43,2025-08-30T01:02:02,2025-08-29,False
898973,5,2025-08-30T13:01:06,2025-08-31T00:26:39,2025-08-30,False
898974,5,2025-08-31T08:07:16,2025-08-31T16:58:49,2025-08-31,False
898975,5,2025-08-31T23:20:34,2025-09-01T01:36:52,2025-08-31,False
898976,5,2025-09-02T12:47:49,2025-09-03T00:23:05,2025-09-02,False
898977,5,2025-09-03T08:06:14,2025-09-03T17:03:54,2025-09-03,False
898978,5,2025-09-04T11:55:14,2025-09-04T22:41:22,2025-09-04,False
898979,5,2025-09-05T16:43:12,2025-09-06T00:23:25,2025-09-05,False
898980,5,2025-09-06T08:26:28,2025-09-06T13:05:17,2025-09-06,False
898981,5,2025-09-07T13:59:24,2025-09-08T00:19:37,2025-09-07,False
898982,5,2025-09-10T08:01:41,2025-09-10T16:18:21,2025-09-10,False
898983,5,2025-09-11T07:56:20,2025-09-11T17:06:57,2025-09-11,False
898984,5,2025-09-11T19:15:49,2025-09-12T00:10:52,2025-09-11,False
898985,7,2025-07-29T17:03:12,2025-07-30T00:40:41,2025-07-29,False
898986,7,2025-07-30T17:03:57,2025-07-31T00:13:55,2025-07-30,False
898987,7,2025-07-31T16:55:29,2025-08-01T00:30:10,2025-07-31,False
898988,7,2025-08-01T17:06:08,2025-08-02T00:46:13,2025-08-01,False
898989,7,2025-08-02T14:55:33,2025-08-03T00:34:54,2025-08-02,False
898990,7,2025-08-03T14:02:17,2025-08-04T00:37:10,2025-08-03,False
898991,7,2025-08-05T17:01:31,2025-08-06T00:39:18,2025-08-05,False
898992,7,2025-08-06T16:59:42,2025-08-07T00:17:32,2025-08-06,False
898993,7,2025-08-07T17:03:21,2025-08-08T00:13:07,2025-08-07,False
898994,7,2025-08-08T16:56:18,2025-08-09T00:35:47,2025-08-08,False
898995,7,2025-08-09T15:00:17,2025-08-10T00:49:36,2025-08-09,False
898996,7,2025-08-10T15:02:37,2025-08-11T00:43:17,2025-08-10,False
898997,7,2025-08-12T16:59:43,2025-08-13T00:23:40,2025-08-12,False
898998,7,2025-08-14T16:57:27,2025-08-15T00:32:54,2025-08-14,False
898999,7,2025-08-15T17:00:25,2025-08-16T00:49:52,2025-08-15,False
899000,7,2025-08-16T14:59:07,2025-08-17T00:46:12,2025-08-16,False
899001,7,2025-08-17T13:58:48,2025-08-18T00:29:50,2025-08-17,False
899002,7,2025-08-19T16:57:01,2025-08-20T00:30:30,2025-08-19,False
899003,7,2025-08-20T16:15:56,2025-08-21T00:07:38,2025-08-20,False
899004,7,2025-08-21T17:03:37,2025-08-22T00:23:06,2025-08-21,False
899005,7,2025-08-22T17:03:16,2025-08-23T00:45:24,2025-08-22,False
899006,7,2025-08-23T14:26:31,2025-08-24T00:32:16,2025-08-23,False
899007,7,2025-08-24T14:00:17,2025-08-25T00:25:10,2025-08-24,False
899008,7,2025-08-26T16:56:13,2025-08-27T00:23:31,2025-08-26,False
899009,7,2025-08-27T17:04:55,2025-08-28T00:53:21,2025-08-27,False
899010,7,2025-08-28T16:54:10,2025-08-29T00:37:13,2025-08-28,False
899011,7,2025-08-29T17:18:11,2025-08-30T01:03:31,2025-08-29,False
899012,7,2025-08-30T16:12:32,2025-08-31T00:37:57,2025-08-30,False
899013,7,2025-08-31T14:04:00,2025-09-01T01:44:12,2025-08-31,False
899014,7,2025-09-06T17:02:07,2025-09-07T00:37:14,2025-09-06,False
899015,7,2025-09-07T15:56:59,2025-09-08T00:19:18,2025-09-07,False
899016,7,2025-09-09T16:30:05,2025-09-10T00:10:14,2025-09-09,False
899017,7,2025-09-10T16:34:07,2025-09-11T00:06:28,2025-09-10,False
899018,7,2025-09-11T16:52:37,2025-09-12T00:12:24,2025-09-11,False
899019,10,2025-07-29T14:33:50,2025-07-30T00:09:40,2025-07-29,False
899020,10,2025-07-30T14:27:43,2025-07-31T00:05:39,2025-07-30,False
899021,10,2025-07-31T14:52:58,2025-08-01T00:14:29,2025-07-31,False
899022,10,2025-08-01T15:00:23,2025-08-02T00:34:58,2025-08-01,False
899023,10,2025-08-02T12:34:45,2025-08-03T00:07:03,2025-08-02,False
899024,10,2025-08-03T07:49:44,2025-08-03T19:18:12,2025-08-03,False
899025,10,2025-08-05T12:55:53,2025-08-05T23:55:13,2025-08-05,False
899026,10,2025-08-06T07:59:43,2025-08-06T16:53:52,2025-08-06,False
899027,10,2025-08-07T14:52:18,2025-08-08T00:10:25,2025-08-07,False
899028,10,2025-08-08T14:44:19,2025-08-09T00:15:31,2025-08-08,False
899029,10,2025-08-10T10:40:17,2025-08-10T23:08:00,2025-08-10,False
899030,10,2025-08-12T08:04:45,2025-08-12T16:51:08,2025-08-12,False
899031,10,2025-08-13T08:03:43,2025-08-13T17:13:26,2025-08-13,False
899032,10,2025-08-14T14:42:22,2025-08-14T23:57:17,2025-08-14,False
899033,10,2025-08-15T11:05:48,2025-08-15T19:05:41,2025-08-15,False
899034,10,2025-08-16T10:54:21,2025-08-16T23:24:45,2025-08-16,False
899035,10,2025-08-20T14:42:09,2025-08-20T23:56:20,2025-08-20,False
899036,10,2025-08-21T15:03:50,2025-08-21T23:50:31,2025-08-21,False
899037,10,2025-08-22T07:57:07,2025-08-22T17:04:27,2025-08-22,False
899038,10,2025-08-23T14:01:39,2025-08-24T00:26:47,2025-08-23,False
899039,10,2025-08-24T07:52:17,2025-08-24T15:34:11,2025-08-24,False
899040,10,2025-08-26T15:00:10,2025-08-27T00:09:25,2025-08-26,False
899041,10,2025-08-27T07:56:33,2025-08-27T16:56:05,2025-08-27,False
899042,10,2025-08-28T14:37:56,2025-08-28T23:57:44,2025-08-28,False
899043,10,2025-08-29T07:44:03,2025-08-29T17:00:03,2025-08-29,False
899044,10,2025-08-30T14:03:10,2025-08-31T00:19:05,2025-08-30,False
899045,10,2025-08-31T12:01:11,2025-08-31T21:43:26,2025-08-31,False
899046,10,2025-09-02T14:58:47,2025-09-03T00:16:08,2025-09-02,False
899047,10,2025-09-03T07:52:56,2025-09-03T16:58:16,2025-09-03,False
899048,10,2025-09-04T15:02:28,2025-09-05T00:07:02,2025-09-04,False
899049,10,2025-09-05T14:01:21,2025-09-06T00:31:37,2025-09-05,False
899050,10,2025-09-06T07:52:36,2025-09-06T16:22:12,2025-09-06,False
899051,10,2025-09-07T10:58:50,2025-09-07T21:16:32,2025-09-07,False
899052,10,2025-09-09T07:58:57,2025-09-09T16:32:28,2025-09-09,False
899053,10,2025-09-11T08:11:37,2025-09-11T15:33:41,2025-09-11,False
899054,11,2025-07-30T17:20:29,2025-07-31T00:14:42,2025-07-30,False
899055,11,2025-07-31T13:23:36,2025-08-01T00:31:17,2025-07-31,False
899056,11,2025-08-01T08:45:24,2025-08-01T17:02:57,2025-08-01,False
899057,11,2025-08-02T13:25:04,2025-08-03T00:35:23,2025-08-02,False
899058,11,2025-08-03T13:07:17,2025-08-04T00:36:46,2025-08-03,False
899059,11,2025-08-05T17:35:26,2025-08-06T00:43:47,2025-08-05,False
899060,11,2025-08-06T13:20:29,2025-08-07T00:23:14,2025-08-06,False
899061,11,2025-08-07T08:23:08,2025-08-07T17:02:41,2025-08-07,False
899062,11,2025-08-08T17:23:56,2025-08-09T00:36:58,2025-08-08,False
899063,11,2025-08-09T13:05:07,2025-08-10T00:52:23,2025-08-09,False
899064,11,2025-08-10T13:09:53,2025-08-11T00:47:32,2025-08-10,False
899065,11,2025-08-12T13:18:55,2025-08-13T00:29:50,2025-08-12,False
899066,11,2025-08-13T14:10:23,2025-08-14T00:47:30,2025-08-13,False
899067,11,2025-08-14T14:54:26,2025-08-15T00:39:30,2025-08-14,False
899068,11,2025-08-16T13:08:12,2025-08-17T00:44:20,2025-08-16,False
899069,11,2025-08-17T12:01:23,2025-08-18T00:34:15,2025-08-17,False
899070,11,2025-08-19T08:24:45,2025-08-19T17:04:54,2025-08-19,False
899071,11,2025-08-21T12:22:50,2025-08-22T00:20:26,2025-08-21,False
899072,11,2025-08-22T14:11:31,2025-08-23T00:47:34,2025-08-22,False
899073,11,2025-08-23T13:21:42,2025-08-24T00:33:26,2025-08-23,False
899074,11,2025-08-24T12:58:13,2025-08-25T00:18:33,2025-08-24,False
899075,11,2025-08-26T17:23:01,2025-08-27T00:23:21,2025-08-26,False
899076,11,2025-08-27T16:58:25,2025-08-28T00:45:13,2025-08-27,False
899077,11,2025-08-29T17:17:15,2025-08-30T01:06:14,2025-08-29,False
899078,11,2025-08-31T12:11:22,2025-09-01T02:17:42,2025-08-31,False
899079,11,2025-09-02T17:44:24,2025-09-03T00:30:11,2025-09-02,False
899080,11,2025-09-03T17:32:35,2025-09-04T00:21:28,2025-09-03,False
899081,11,2025-09-05T17:14:53,2025-09-06T00:23:54,2025-09-05,False
899082,11,2025-09-06T14:25:29,2025-09-07T00:36:24,2025-09-06,False
899083,11,2025-09-07T15:06:38,2025-09-08T00:29:07,2025-09-07,False
899084,11,2025-09-09T17:24:05,2025-09-10T00:08:41,2025-09-09,False
899085,11,2025-09-10T17:29:43,2025-09-11T00:07:28,2025-09-10,False
899086,11,2025-09-11T17:25:57,2025-09-12T00:26:15,2025-09-11,False
899087,12,2025-07-29T12:10:16,2025-07-30T00:39:26,2025-07-29,False
899088,12,2025-07-30T12:57:05,2025-07-31T00:15:15,2025-07-30,False
899089,12,2025-07-31T11:00:05,2025-08-01T00:28:02,2025-07-31,False
899090,12,2025-08-01T12:07:23,2025-08-02T00:44:09,2025-08-01,False
899091,12,2025-08-02T07:48:09,2025-08-02T15:03:55,2025-08-02,False
899092,12,2025-08-03T11:53:25,2025-08-04T00:35:14,2025-08-03,False
899093,12,2025-08-05T12:01:20,2025-08-06T00:34:53,2025-08-05,False
899094,12,2025-08-06T12:59:29,2025-08-06T20:17:28,2025-08-06,False
899095,12,2025-08-07T13:02:44,2025-08-08T00:10:48,2025-08-07,False
899096,12,2025-08-09T12:54:14,2025-08-10T00:48:34,2025-08-09,False
899097,12,2025-08-10T12:59:39,2025-08-11T00:40:47,2025-08-10,False
899098,12,2025-08-12T13:04:02,2025-08-13T00:22:57,2025-08-12,False
899099,12,2025-08-13T13:08:45,2025-08-14T00:42:40,2025-08-13,False
899100,12,2025-08-14T13:01:37,2025-08-15T00:30:59,2025-08-14,False
899101,12,2025-08-15T12:53:43,2025-08-16T00:47:17,2025-08-15,False
899102,12,2025-08-16T11:58:33,2025-08-17T00:44:01,2025-08-16,False
899103,12,2025-08-17T12:03:22,2025-08-18T00:29:02,2025-08-17,False
899104,12,2025-08-19T11:58:56,2025-08-19T17:03:30,2025-08-19,False
899105,12,2025-08-20T12:06:24,2025-08-20T19:29:53,2025-08-20,False
899106,12,2025-08-21T12:04:03,2025-08-22T00:22:47,2025-08-21,False
899107,12,2025-08-22T11:56:09,2025-08-23T00:44:54,2025-08-22,False
899108,12,2025-08-23T13:01:49,2025-08-23T17:34:10,2025-08-23,False
899109,12,2025-08-24T12:58:55,2025-08-24T22:14:10,2025-08-24,False
899110,12,2025-08-26T11:02:24,2025-08-26T21:08:40,2025-08-26,False
899111,12,2025-08-27T07:55:55,2025-08-27T17:19:56,2025-08-27,False
899112,12,2025-08-28T12:06:35,2025-08-28T22:00:07,2025-08-28,False
899113,12,2025-08-29T12:07:13,2025-08-30T01:02:25,2025-08-29,False
899114,12,2025-08-30T12:04:33,2025-08-31T00:34:32,2025-08-30,False
899115,12,2025-08-31T12:05:12,2025-08-31T21:57:44,2025-08-31,False
899116,12,2025-09-02T07:47:07,2025-09-02T14:06:20,2025-09-02,False
899117,12,2025-09-03T12:01:26,2025-09-03T21:54:32,2025-09-03,False
899118,12,2025-09-04T08:09:08,2025-09-04T17:14:30,2025-09-04,False
899119,12,2025-09-05T12:48:21,2025-09-06T00:29:21,2025-09-05,False
899120,12,2025-09-06T13:00:42,2025-09-07T00:40:06,2025-09-06,False
899121,12,2025-09-07T13:00:46,2025-09-08T00:18:57,2025-09-07,False
899122,12,2025-09-09T12:06:03,2025-09-09T21:57:05,2025-09-09,False
899123,12,2025-09-10T13:03:38,2025-09-10T21:51:43,2025-09-10,False
899124,12,2025-09-11T07:49:41,2025-09-11T17:06:25,2025-09-11,False
899125,13,2025-08-01T17:56:12,2025-08-02T00:33:56,2025-08-01,False
899126,13,2025-08-02T07:58:46,2025-08-02T17:05:12,2025-08-02,False
899127,13,2025-08-03T10:55:03,2025-08-03T23:56:04,2025-08-03,False
899128,13,2025-08-05T08:01:05,2025-08-05T15:27:53,2025-08-05,False
899129,13,2025-08-06T17:48:43,2025-08-07T00:15:52,2025-08-06,False
899130,13,2025-08-07T17:40:55,2025-08-08T00:11:02,2025-08-07,False
899131,13,2025-08-08T07:51:21,2025-08-08T15:28:48,2025-08-08,False
899132,13,2025-08-09T07:56:02,2025-08-09T17:59:50,2025-08-09,False
899133,13,2025-08-15T17:47:43,2025-08-16T00:35:40,2025-08-15,False
899134,13,2025-08-16T11:56:06,2025-08-16T23:24:05,2025-08-16,False
899135,13,2025-08-17T11:55:07,2025-08-17T22:42:01,2025-08-17,False
899136,13,2025-08-20T16:56:59,2025-08-20T23:56:12,2025-08-20,False
899137,13,2025-08-22T17:00:58,2025-08-23T00:45:36,2025-08-22,False
899138,13,2025-08-23T10:50:36,2025-08-23T20:59:32,2025-08-23,False
899139,13,2025-08-24T07:52:07,2025-08-24T15:34:29,2025-08-24,False
899140,13,2025-08-29T16:59:14,2025-08-30T00:48:49,2025-08-29,False
899141,13,2025-08-30T11:00:48,2025-08-30T21:02:36,2025-08-30,False
899142,13,2025-09-02T08:01:08,2025-09-02T18:11:58,2025-09-02,False
899143,13,2025-09-03T08:03:49,2025-09-03T16:59:14,2025-09-03,False
899144,13,2025-09-04T07:55:33,2025-09-04T16:11:18,2025-09-04,False
899145,13,2025-09-05T07:53:36,2025-09-05T17:36:52,2025-09-05,False
899146,13,2025-09-06T07:52:45,2025-09-06T18:41:50,2025-09-06,False
899147,13,2025-09-07T07:49:41,2025-09-07T18:00:48,2025-09-07,False
899148,14,2025-07-29T08:03:43,2025-07-29T17:18:22,2025-07-29,False
899149,14,2025-07-30T08:54:00,2025-07-30T15:42:44,2025-07-30,False
899150,14,2025-07-31T08:03:53,2025-07-31T16:25:22,2025-07-31,False
899151,14,2025-08-02T13:06:24,2025-08-03T00:35:46,2025-08-02,False
899152,14,2025-08-03T09:24:01,2025-08-03T18:09:38,2025-08-03,False
899153,14,2025-08-05T08:30:37,2025-08-05T18:00:27,2025-08-05,False
899154,14,2025-08-06T11:59:49,2025-08-07T00:13:02,2025-08-06,False
899155,14,2025-08-07T09:10:39,2025-08-07T17:20:02,2025-08-07,False
899156,14,2025-08-08T08:00:14,2025-08-08T17:35:05,2025-08-08,False
899157,14,2025-08-10T08:06:38,2025-08-10T17:16:12,2025-08-10,False
899158,14,2025-08-12T08:00:36,2025-08-12T15:12:06,2025-08-12,False
899159,14,2025-08-13T08:09:14,2025-08-13T18:24:25,2025-08-13,False
899160,14,2025-08-14T10:34:16,2025-08-14T21:39:31,2025-08-14,False
899161,14,2025-08-15T10:56:53,2025-08-15T21:27:27,2025-08-15,False
899162,14,2025-08-16T09:53:59,2025-08-16T18:05:31,2025-08-16,False
899163,14,2025-08-19T08:03:00,2025-08-19T18:05:42,2025-08-19,False
899164,14,2025-08-20T10:59:53,2025-08-21T00:09:41,2025-08-20,False
899165,14,2025-08-21T11:02:39,2025-08-21T23:04:51,2025-08-21,False
899166,14,2025-08-22T07:54:10,2025-08-22T14:03:23,2025-08-22,False
899167,14,2025-08-23T10:58:53,2025-08-24T00:30:30,2025-08-23,False
899168,14,2025-08-24T10:58:34,2025-08-25T00:22:44,2025-08-24,False
899169,14,2025-08-28T13:00:30,2025-08-29T00:33:21,2025-08-28,False
899170,14,2025-08-29T10:59:20,2025-08-29T17:10:45,2025-08-29,False
899171,14,2025-08-30T08:02:12,2025-08-30T16:59:09,2025-08-30,False
899172,14,2025-08-31T11:03:30,2025-09-01T01:40:09,2025-08-31,False
899173,14,2025-09-02T07:06:43,2025-09-02T15:09:51,2025-09-02,False
899174,14,2025-09-03T08:06:04,2025-09-03T14:03:12,2025-09-03,False
899175,14,2025-09-04T08:05:26,2025-09-04T14:11:35,2025-09-04,False
899176,14,2025-09-05T13:59:38,2025-09-06T00:27:11,2025-09-05,False
899177,14,2025-09-09T07:58:10,2025-09-09T17:24:21,2025-09-09,False
899178,14,2025-09-10T08:00:29,2025-09-10T17:06:17,2025-09-10,False
899179,14,2025-09-11T12:59:16,2025-09-11T23:17:57,2025-09-11,False
899180,17,2025-09-06T11:56:22,2025-09-06T22:13:09,2025-09-06,False
899181,17,2025-09-07T08:17:13,2025-09-07T18:01:35,2025-09-07,False
899182,22,2025-08-12T13:04:46,2025-08-13T00:23:23,2025-08-12,False
899183,22,2025-08-13T11:44:22,2025-08-14T00:46:10,2025-08-13,False
899184,22,2025-08-14T08:24:05,2025-08-14T16:39:24,2025-08-14,False
899185,22,2025-08-15T07:56:50,2025-08-15T16:55:47,2025-08-15,False
899186,22,2025-08-16T08:20:24,2025-08-16T15:31:51,2025-08-16,False
899187,22,2025-08-17T08:12:02,2025-08-17T17:00:29,2025-08-17,False
899188,22,2025-08-19T17:09:51,2025-08-20T00:31:31,2025-08-19,False
899189,22,2025-08-20T18:13:06,2025-08-21T00:13:26,2025-08-20,False
899190,22,2025-08-21T18:06:55,2025-08-22T00:22:09,2025-08-21,False
899191,22,2025-08-22T17:36:27,2025-08-23T00:43:45,2025-08-22,False
899192,22,2025-08-23T08:17:26,2025-08-23T14:41:52,2025-08-23,False
899193,22,2025-08-24T13:47:51,2025-08-25T00:19:30,2025-08-24,False
899194,22,2025-08-26T17:05:57,2025-08-27T00:23:12,2025-08-26,False
899195,22,2025-08-27T17:35:51,2025-08-28T00:48:58,2025-08-27,False
899196,22,2025-08-28T17:25:20,2025-08-29T00:36:53,2025-08-28,False
899197,22,2025-08-29T17:38:39,2025-08-30T01:03:19,2025-08-29,False
899198,22,2025-08-30T14:16:44,2025-08-31T00:32:55,2025-08-30,False
899199,22,2025-08-31T08:21:44,2025-08-31T16:50:38,2025-08-31,False
899200,22,2025-09-03T17:53:33,2025-09-04T00:22:58,2025-09-03,False
899201,22,2025-09-04T17:45:21,2025-09-05T00:14:19,2025-09-04,False
899202,22,2025-09-05T17:15:10,2025-09-06T00:23:36,2025-09-05,False
899203,22,2025-09-06T14:33:29,2025-09-07T00:35:47,2025-09-06,False
899204,22,2025-09-07T08:08:09,2025-09-07T17:01:39,2025-09-07,False
899205,22,2025-09-09T17:36:17,2025-09-10T00:18:44,2025-09-09,False
899206,22,2025-09-10T17:31:07,2025-09-11T00:04:07,2025-09-10,False
899207,22,2025-09-11T17:49:51,2025-09-12T00:25:53,2025-09-11,False
899208,23,2025-07-31T16:19:45,2025-08-01T00:34:03,2025-07-31,False
899209,23,2025-08-01T08:55:55,2025-08-01T17:02:09,2025-08-01,False
899210,23,2025-08-03T17:13:19,2025-08-04T00:40:01,2025-08-03,False
899211,23,2025-08-05T17:15:34,2025-08-06T00:43:23,2025-08-05,False
899212,23,2025-08-06T17:20:53,2025-08-07T00:23:53,2025-08-06,False
899213,23,2025-08-07T14:24:48,2025-08-08T00:14:49,2025-08-07,False
899214,23,2025-08-08T08:53:24,2025-08-08T17:18:20,2025-08-08,False
899215,23,2025-08-12T08:53:25,2025-08-12T17:04:27,2025-08-12,False
899216,23,2025-08-13T08:57:28,2025-08-13T17:00:20,2025-08-13,False
899217,23,2025-08-14T09:05:24,2025-08-14T17:03:36,2025-08-14,False
899218,23,2025-08-15T17:25:06,2025-08-16T00:50:12,2025-08-15,False
899219,23,2025-08-16T09:46:48,2025-08-16T18:00:18,2025-08-16,False
899220,23,2025-08-19T08:57:19,2025-08-19T17:00:48,2025-08-19,False
899221,23,2025-08-20T08:48:57,2025-08-20T17:00:05,2025-08-20,False
10128,13,2025-08-10T08:02:00,2025-08-10T18:00:00,2025-08-10,True
899222,23,2025-08-21T08:54:55,2025-08-21T17:01:47,2025-08-21,False
899223,23,2025-08-22T09:07:39,2025-08-22T18:00:42,2025-08-22,False
899224,23,2025-08-23T09:15:27,2025-08-23T15:10:22,2025-08-23,False
899225,23,2025-08-26T09:13:00,2025-08-26T16:58:38,2025-08-26,False
899226,23,2025-08-27T08:55:18,2025-08-27T17:01:01,2025-08-27,False
899227,23,2025-08-28T09:09:09,2025-08-28T16:59:34,2025-08-28,False
899228,23,2025-08-29T08:48:13,2025-08-29T17:00:27,2025-08-29,False
899229,23,2025-09-02T09:09:54,2025-09-02T17:00:22,2025-09-02,False
899230,23,2025-09-03T09:09:22,2025-09-03T16:58:04,2025-09-03,False
899231,23,2025-09-04T08:51:12,2025-09-04T17:02:32,2025-09-04,False
899232,23,2025-09-05T09:09:01,2025-09-05T17:00:11,2025-09-05,False
899233,23,2025-09-06T09:47:49,2025-09-06T17:04:06,2025-09-06,False
899234,23,2025-09-07T09:47:08,2025-09-07T16:00:40,2025-09-07,False
899235,23,2025-09-10T08:51:28,2025-09-10T17:03:09,2025-09-10,False
899236,24,2025-07-29T13:06:09,2025-07-30T00:38:34,2025-07-29,False
899237,24,2025-07-30T08:17:46,2025-07-30T15:56:47,2025-07-30,False
899238,24,2025-07-31T15:59:51,2025-08-01T00:29:18,2025-07-31,False
899239,24,2025-08-01T16:58:51,2025-08-02T00:43:56,2025-08-01,False
10182,57,2025-08-10T13:00:00,2025-08-11T00:37:00,2025-08-10,True
10183,57,2025-08-15T18:00:00,2025-08-16T00:48:00,2025-08-15,True
899240,24,2025-08-02T13:06:50,2025-08-03T00:30:30,2025-08-02,False
899241,24,2025-08-03T13:04:21,2025-08-04T00:32:56,2025-08-03,False
899242,24,2025-08-05T12:59:04,2025-08-06T00:34:40,2025-08-05,False
899243,24,2025-08-06T18:02:23,2025-08-06T22:52:30,2025-08-06,False
899244,24,2025-08-07T08:14:14,2025-08-07T17:05:34,2025-08-07,False
899245,24,2025-08-08T13:01:58,2025-08-09T00:03:17,2025-08-08,False
899246,24,2025-08-09T08:11:01,2025-08-09T17:37:12,2025-08-09,False
899247,24,2025-08-10T15:02:45,2025-08-11T00:35:30,2025-08-10,False
899248,24,2025-08-12T08:06:35,2025-08-12T17:09:09,2025-08-12,False
899249,24,2025-08-13T13:08:31,2025-08-14T00:40:46,2025-08-13,False
899250,24,2025-08-14T14:14:15,2025-08-15T00:30:34,2025-08-14,False
899251,24,2025-08-15T14:09:44,2025-08-16T00:45:33,2025-08-15,False
899252,24,2025-08-16T14:02:06,2025-08-17T00:34:52,2025-08-16,False
899253,24,2025-08-17T14:00:39,2025-08-18T00:20:16,2025-08-17,False
899254,24,2025-08-19T13:58:58,2025-08-20T00:28:52,2025-08-19,False
899255,24,2025-08-20T13:13:37,2025-08-20T23:30:04,2025-08-20,False
899256,24,2025-08-21T08:14:25,2025-08-21T17:03:47,2025-08-21,False
899257,24,2025-08-22T14:01:12,2025-08-23T00:42:01,2025-08-22,False
899258,24,2025-08-23T14:00:33,2025-08-24T00:30:45,2025-08-23,False
899259,24,2025-08-24T13:00:47,2025-08-25T00:14:59,2025-08-24,False
899260,24,2025-08-26T12:05:28,2025-08-27T00:15:43,2025-08-26,False
899261,24,2025-08-27T08:13:37,2025-08-27T14:14:11,2025-08-27,False
899262,24,2025-08-27T19:02:51,2025-08-28T00:42:29,2025-08-27,False
899263,24,2025-08-28T14:02:51,2025-08-29T00:32:18,2025-08-28,False
899264,24,2025-08-29T17:43:48,2025-08-30T01:01:51,2025-08-29,False
899265,24,2025-08-30T08:26:44,2025-08-30T20:06:58,2025-08-30,False
899266,24,2025-08-31T13:22:44,2025-09-01T02:38:17,2025-08-31,False
899267,24,2025-09-02T14:08:28,2025-09-03T00:37:13,2025-09-02,False
899268,24,2025-09-03T13:15:54,2025-09-04T00:30:10,2025-09-03,False
899269,24,2025-09-04T13:01:01,2025-09-05T00:31:05,2025-09-04,False
899270,24,2025-09-05T08:26:49,2025-09-05T17:01:26,2025-09-05,False
899271,24,2025-09-06T15:08:30,2025-09-07T00:40:44,2025-09-06,False
899272,24,2025-09-07T13:24:09,2025-09-08T00:19:07,2025-09-07,False
899273,24,2025-09-09T14:03:50,2025-09-10T00:19:13,2025-09-09,False
899274,24,2025-09-10T14:01:49,2025-09-11T00:07:09,2025-09-10,False
899275,24,2025-09-11T16:54:59,2025-09-12T00:11:33,2025-09-11,False
899276,28,2025-07-29T14:57:58,2025-07-30T00:35:52,2025-07-29,False
899277,28,2025-07-30T14:04:32,2025-07-30T23:46:37,2025-07-30,False
899278,28,2025-08-01T13:06:44,2025-08-02T00:40:49,2025-08-01,False
899279,28,2025-08-02T11:06:58,2025-08-02T22:02:03,2025-08-02,False
899280,28,2025-08-03T08:15:05,2025-08-03T18:06:52,2025-08-03,False
899281,28,2025-08-07T17:14:23,2025-08-08T00:08:35,2025-08-07,False
899282,28,2025-08-08T14:14:32,2025-08-09T00:32:34,2025-08-08,False
899283,28,2025-08-10T11:00:10,2025-08-10T18:00:24,2025-08-10,False
899284,28,2025-08-12T17:53:52,2025-08-12T22:57:18,2025-08-12,False
899285,28,2025-08-13T11:24:39,2025-08-13T20:58:30,2025-08-13,False
899286,28,2025-08-14T08:07:37,2025-08-14T14:57:15,2025-08-14,False
899287,28,2025-08-16T08:05:49,2025-08-16T17:12:33,2025-08-16,False
899288,28,2025-08-17T11:15:31,2025-08-17T21:09:21,2025-08-17,False
899289,28,2025-08-20T08:14:17,2025-08-20T15:21:33,2025-08-20,False
899290,28,2025-08-21T12:59:05,2025-08-22T00:09:49,2025-08-21,False
899291,28,2025-08-22T10:59:27,2025-08-22T21:53:49,2025-08-22,False
899292,28,2025-08-23T08:07:35,2025-08-23T15:14:08,2025-08-23,False
899293,28,2025-08-24T14:51:36,2025-08-25T00:23:20,2025-08-24,False
899294,28,2025-08-26T14:09:04,2025-08-27T00:13:09,2025-08-26,False
899295,28,2025-08-27T12:07:32,2025-08-27T21:57:51,2025-08-27,False
899296,28,2025-08-28T08:12:52,2025-08-28T15:18:53,2025-08-28,False
899297,28,2025-08-29T08:07:36,2025-08-29T16:36:27,2025-08-29,False
899298,28,2025-09-02T12:15:23,2025-09-02T22:14:37,2025-09-02,False
899299,28,2025-09-04T16:56:44,2025-09-05T00:12:32,2025-09-04,False
899300,28,2025-09-05T08:05:42,2025-09-05T17:01:34,2025-09-05,False
899301,28,2025-09-06T08:04:05,2025-09-06T13:05:26,2025-09-06,False
899302,28,2025-09-07T07:58:09,2025-09-07T17:20:12,2025-09-07,False
899303,28,2025-09-09T07:58:01,2025-09-09T16:29:27,2025-09-09,False
899304,30,2025-07-29T08:00:34,2025-07-29T18:03:33,2025-07-29,False
899305,30,2025-07-30T07:58:26,2025-07-30T18:08:11,2025-07-30,False
899306,30,2025-07-31T07:52:24,2025-07-31T12:01:18,2025-07-31,False
899307,30,2025-08-01T07:49:25,2025-08-01T18:19:05,2025-08-01,False
899308,30,2025-08-02T07:05:12,2025-08-02T18:01:25,2025-08-02,False
899309,30,2025-08-03T07:04:08,2025-08-03T18:32:11,2025-08-03,False
899310,30,2025-08-05T07:20:13,2025-08-05T18:24:57,2025-08-05,False
899311,30,2025-08-06T07:24:52,2025-08-06T18:10:33,2025-08-06,False
899312,30,2025-08-07T07:28:44,2025-08-07T19:34:22,2025-08-07,False
899313,30,2025-08-08T07:22:58,2025-08-08T18:34:53,2025-08-08,False
899314,30,2025-08-09T07:28:14,2025-08-09T18:00:17,2025-08-09,False
899315,30,2025-08-10T07:29:05,2025-08-10T16:36:09,2025-08-10,False
899316,30,2025-08-12T07:23:24,2025-08-12T17:59:30,2025-08-12,False
899317,30,2025-08-13T07:21:14,2025-08-13T18:24:16,2025-08-13,False
899318,30,2025-08-14T07:26:10,2025-08-14T17:57:42,2025-08-14,False
899319,30,2025-08-15T07:38:09,2025-08-15T19:04:38,2025-08-15,False
899320,30,2025-08-16T07:25:54,2025-08-16T18:59:52,2025-08-16,False
899321,30,2025-08-17T07:22:06,2025-08-17T18:01:30,2025-08-17,False
899322,30,2025-08-19T07:32:12,2025-08-19T18:41:52,2025-08-19,False
899323,30,2025-08-20T07:26:22,2025-08-20T18:00:16,2025-08-20,False
899324,30,2025-08-21T07:17:32,2025-08-21T18:00:55,2025-08-21,False
899325,30,2025-08-22T07:19:28,2025-08-22T19:11:14,2025-08-22,False
899326,30,2025-08-23T07:27:08,2025-08-23T19:03:23,2025-08-23,False
899327,30,2025-08-24T07:25:20,2025-08-24T18:02:18,2025-08-24,False
899328,30,2025-08-26T07:18:47,2025-08-26T18:36:33,2025-08-26,False
899329,30,2025-08-27T07:21:15,2025-08-27T17:51:10,2025-08-27,False
899330,30,2025-08-28T07:20:18,2025-08-28T18:32:39,2025-08-28,False
899331,30,2025-08-29T07:20:48,2025-08-29T18:38:32,2025-08-29,False
899332,30,2025-08-30T07:26:54,2025-08-30T16:12:00,2025-08-30,False
899333,30,2025-09-02T07:06:33,2025-09-02T18:06:09,2025-09-02,False
899334,30,2025-09-03T07:05:23,2025-09-03T17:55:22,2025-09-03,False
899335,30,2025-09-04T07:03:33,2025-09-04T18:05:20,2025-09-04,False
899336,30,2025-09-05T07:08:52,2025-09-05T16:40:51,2025-09-05,False
899337,30,2025-09-06T07:05:34,2025-09-06T18:41:34,2025-09-06,False
899338,30,2025-09-07T07:04:22,2025-09-07T18:00:56,2025-09-07,False
899339,30,2025-09-09T07:05:48,2025-09-09T18:49:13,2025-09-09,False
560872,61,2025-08-27T07:58:00,2025-08-27T17:07:00,2025-08-27,True
560873,61,2025-08-31T08:10:00,2025-08-31T18:02:00,2025-08-31,True
899340,30,2025-09-10T07:04:58,2025-09-10T17:54:33,2025-09-10,False
899341,30,2025-09-11T07:05:59,2025-09-11T18:25:46,2025-09-11,False
899342,32,2025-07-30T08:09:09,2025-07-30T17:59:04,2025-07-30,False
899343,32,2025-08-01T08:03:35,2025-08-01T18:17:22,2025-08-01,False
899344,32,2025-08-02T08:04:15,2025-08-02T18:11:32,2025-08-02,False
899345,32,2025-08-03T08:07:35,2025-08-03T18:03:27,2025-08-03,False
899346,32,2025-08-09T08:09:36,2025-08-09T18:02:47,2025-08-09,False
899347,32,2025-08-10T08:07:18,2025-08-10T16:08:08,2025-08-10,False
899348,32,2025-08-16T08:04:47,2025-08-16T17:59:47,2025-08-16,False
899349,32,2025-08-17T08:10:12,2025-08-17T15:02:22,2025-08-17,False
899350,32,2025-08-23T08:01:15,2025-08-23T18:01:09,2025-08-23,False
899351,32,2025-08-24T07:59:06,2025-08-24T16:48:48,2025-08-24,False
899352,32,2025-08-30T08:06:34,2025-08-30T18:00:40,2025-08-30,False
899353,32,2025-08-31T08:00:37,2025-08-31T18:12:53,2025-08-31,False
899354,32,2025-09-02T08:02:12,2025-09-02T18:06:49,2025-09-02,False
899355,32,2025-09-04T08:00:13,2025-09-04T15:31:07,2025-09-04,False
899356,32,2025-09-06T08:02:54,2025-09-06T17:57:04,2025-09-06,False
899357,32,2025-09-07T08:11:15,2025-09-07T18:10:28,2025-09-07,False
899358,32,2025-09-09T08:10:11,2025-09-09T16:05:02,2025-09-09,False
899359,32,2025-09-11T11:46:22,2025-09-11T18:04:36,2025-09-11,False
899360,35,2025-07-29T13:50:34,2025-07-30T00:37:50,2025-07-29,False
899361,35,2025-07-30T13:48:58,2025-07-31T00:14:02,2025-07-30,False
899362,35,2025-07-31T14:01:15,2025-08-01T00:28:17,2025-07-31,False
899363,35,2025-08-01T13:57:36,2025-08-02T00:46:03,2025-08-01,False
899364,35,2025-08-02T13:56:50,2025-08-03T00:39:06,2025-08-02,False
899365,35,2025-08-03T13:57:22,2025-08-04T00:32:22,2025-08-03,False
899366,35,2025-08-05T08:05:33,2025-08-05T16:33:26,2025-08-05,False
899367,35,2025-08-06T08:33:23,2025-08-06T16:58:49,2025-08-06,False
899368,35,2025-08-07T08:14:06,2025-08-07T17:06:09,2025-08-07,False
899369,35,2025-08-08T08:28:00,2025-08-08T17:16:17,2025-08-08,False
899370,35,2025-08-09T08:11:14,2025-08-09T14:02:57,2025-08-09,False
899371,35,2025-08-10T14:14:41,2025-08-11T00:41:04,2025-08-10,False
899372,35,2025-08-12T13:58:47,2025-08-13T00:33:13,2025-08-12,False
899373,35,2025-08-13T14:00:20,2025-08-14T00:46:44,2025-08-13,False
899374,35,2025-08-14T14:17:04,2025-08-15T00:32:28,2025-08-14,False
899375,35,2025-08-15T14:04:40,2025-08-16T00:44:14,2025-08-15,False
899376,35,2025-08-16T13:59:10,2025-08-17T00:45:43,2025-08-16,False
899377,35,2025-08-17T14:51:52,2025-08-18T00:34:05,2025-08-17,False
899378,35,2025-08-19T08:16:34,2025-08-19T17:03:42,2025-08-19,False
899379,35,2025-08-20T08:07:21,2025-08-20T15:33:39,2025-08-20,False
899380,35,2025-08-21T08:14:44,2025-08-21T16:34:55,2025-08-21,False
899381,35,2025-08-22T08:03:41,2025-08-22T15:39:40,2025-08-22,False
899382,35,2025-08-23T08:10:45,2025-08-23T15:40:08,2025-08-23,False
899383,35,2025-08-24T11:03:52,2025-08-25T00:18:47,2025-08-24,False
899384,35,2025-08-26T13:46:28,2025-08-27T00:18:51,2025-08-26,False
899385,35,2025-08-27T14:13:56,2025-08-28T00:50:32,2025-08-27,False
899386,35,2025-08-28T14:05:38,2025-08-29T00:36:09,2025-08-28,False
899387,35,2025-08-29T14:02:31,2025-08-30T01:02:58,2025-08-29,False
899388,35,2025-08-30T14:29:14,2025-08-31T00:38:16,2025-08-30,False
899389,35,2025-08-31T13:58:53,2025-09-01T02:43:03,2025-08-31,False
899390,35,2025-09-02T08:28:04,2025-09-02T14:05:41,2025-09-02,False
899391,35,2025-09-03T08:17:47,2025-09-03T16:29:53,2025-09-03,False
899392,35,2025-09-04T08:23:19,2025-09-04T16:14:25,2025-09-04,False
899393,35,2025-09-05T08:26:38,2025-09-05T17:58:04,2025-09-05,False
899394,35,2025-09-06T15:10:18,2025-09-07T00:36:11,2025-09-06,False
899395,35,2025-09-09T14:00:51,2025-09-10T00:23:34,2025-09-09,False
899396,35,2025-09-10T13:59:32,2025-09-11T00:14:26,2025-09-10,False
899397,35,2025-09-11T14:01:15,2025-09-12T00:20:44,2025-09-11,False
899398,35,2025-09-12T08:07:45,2025-09-12T14:36:29,2025-09-12,False
899399,36,2025-07-29T08:08:22,2025-07-29T18:00:50,2025-07-29,False
899400,36,2025-07-30T08:09:17,2025-07-30T17:59:11,2025-07-30,False
899401,36,2025-07-31T08:08:28,2025-07-31T18:20:15,2025-07-31,False
899402,36,2025-08-01T08:03:43,2025-08-01T18:17:55,2025-08-01,False
899403,36,2025-08-02T08:04:24,2025-08-02T18:11:44,2025-08-02,False
899404,36,2025-08-03T08:07:43,2025-08-03T18:03:35,2025-08-03,False
899405,36,2025-08-05T08:06:10,2025-08-05T18:24:17,2025-08-05,False
899406,36,2025-08-06T08:03:26,2025-08-06T18:10:21,2025-08-06,False
899407,36,2025-08-07T08:06:59,2025-08-07T17:46:16,2025-08-07,False
899408,36,2025-08-08T08:04:16,2025-08-08T18:09:40,2025-08-08,False
899409,36,2025-08-09T08:09:29,2025-08-09T18:02:14,2025-08-09,False
899410,36,2025-08-10T08:07:25,2025-08-10T15:56:56,2025-08-10,False
899411,36,2025-08-12T08:09:26,2025-08-12T17:57:52,2025-08-12,False
899412,36,2025-08-13T08:07:31,2025-08-13T15:29:30,2025-08-13,False
899413,36,2025-08-14T08:05:07,2025-08-14T17:56:07,2025-08-14,False
899414,36,2025-08-15T08:05:33,2025-08-15T18:38:48,2025-08-15,False
899415,36,2025-08-16T08:05:00,2025-08-16T17:59:55,2025-08-16,False
899416,36,2025-08-17T08:10:19,2025-08-17T17:00:05,2025-08-17,False
899417,36,2025-08-19T11:15:09,2025-08-19T19:12:29,2025-08-19,False
899418,36,2025-08-21T08:08:52,2025-08-21T17:38:28,2025-08-21,False
899419,36,2025-08-22T08:05:49,2025-08-22T18:19:48,2025-08-22,False
899420,36,2025-08-23T08:01:06,2025-08-23T18:01:30,2025-08-23,False
899421,36,2025-08-24T07:59:13,2025-08-24T16:48:05,2025-08-24,False
899422,36,2025-08-26T08:07:42,2025-08-26T18:36:08,2025-08-26,False
899423,36,2025-08-27T08:09:42,2025-08-27T17:48:15,2025-08-27,False
899424,36,2025-08-28T08:08:37,2025-08-28T18:20:41,2025-08-28,False
899425,36,2025-08-29T08:07:45,2025-08-29T17:51:52,2025-08-29,False
899426,36,2025-08-30T08:06:43,2025-08-30T18:00:30,2025-08-30,False
899427,36,2025-08-31T08:00:28,2025-08-31T18:13:01,2025-08-31,False
899428,36,2025-09-06T08:02:43,2025-09-06T17:56:31,2025-09-06,False
899429,36,2025-09-07T08:11:27,2025-09-07T18:10:19,2025-09-07,False
899430,36,2025-09-12T08:10:35,2025-09-12T14:49:51,2025-09-12,False
899431,38,2025-07-29T16:13:15,2025-07-30T00:41:10,2025-07-29,False
899432,38,2025-07-30T15:55:12,2025-07-31T00:15:02,2025-07-30,False
899433,38,2025-08-08T17:15:27,2025-08-09T00:38:51,2025-08-08,False
899434,38,2025-08-10T14:52:00,2025-08-11T00:44:39,2025-08-10,False
899435,38,2025-08-13T16:05:16,2025-08-14T00:47:12,2025-08-13,False
899436,38,2025-08-15T08:40:36,2025-08-15T17:26:45,2025-08-15,False
899437,38,2025-08-17T13:49:14,2025-08-18T00:36:22,2025-08-17,False
899438,38,2025-08-20T16:23:33,2025-08-21T00:08:48,2025-08-20,False
899439,38,2025-08-21T17:08:14,2025-08-22T00:24:40,2025-08-21,False
899440,38,2025-08-22T18:26:54,2025-08-23T00:48:59,2025-08-22,False
899441,38,2025-08-23T14:18:19,2025-08-24T00:32:34,2025-08-23,False
899442,38,2025-08-24T13:49:44,2025-08-25T00:24:28,2025-08-24,False
899443,38,2025-08-26T16:40:10,2025-08-27T00:23:54,2025-08-26,False
899444,38,2025-08-27T16:20:02,2025-08-28T00:49:31,2025-08-27,False
899445,38,2025-08-30T13:49:53,2025-08-31T00:34:19,2025-08-30,False
899446,38,2025-08-31T13:48:27,2025-09-01T01:44:04,2025-08-31,False
899447,38,2025-09-02T16:07:21,2025-09-03T00:28:27,2025-09-02,False
899448,38,2025-09-03T16:08:45,2025-09-04T00:23:51,2025-09-03,False
899449,38,2025-09-09T16:02:29,2025-09-10T00:19:57,2025-09-09,False
899450,38,2025-09-10T17:05:37,2025-09-11T00:05:32,2025-09-10,False
899451,38,2025-09-11T16:48:48,2025-09-12T00:13:12,2025-09-11,False
899452,41,2025-08-01T15:53:00,2025-08-02T00:44:31,2025-08-01,False
899453,41,2025-08-02T15:27:50,2025-08-03T00:37:02,2025-08-02,False
899454,41,2025-08-09T08:22:07,2025-08-09T16:59:00,2025-08-09,False
899455,41,2025-08-10T08:21:18,2025-08-10T17:04:15,2025-08-10,False
899456,41,2025-08-12T15:42:12,2025-08-13T00:28:59,2025-08-12,False
899457,41,2025-08-14T15:44:09,2025-08-15T00:35:01,2025-08-14,False
899458,41,2025-08-16T17:04:02,2025-08-17T00:43:47,2025-08-16,False
899459,41,2025-08-17T08:12:18,2025-08-17T15:48:04,2025-08-17,False
899460,41,2025-08-19T16:03:50,2025-08-20T00:32:31,2025-08-19,False
899461,41,2025-08-24T08:17:15,2025-08-24T16:55:34,2025-08-24,False
899462,41,2025-08-28T15:40:27,2025-08-29T00:38:05,2025-08-28,False
899463,41,2025-08-29T15:44:32,2025-08-30T01:05:17,2025-08-29,False
899464,41,2025-08-30T09:12:36,2025-08-30T16:56:17,2025-08-30,False
899465,41,2025-08-31T08:40:01,2025-08-31T16:16:53,2025-08-31,False
899466,41,2025-09-04T15:55:36,2025-09-05T00:19:55,2025-09-04,False
899467,41,2025-09-05T16:03:51,2025-09-06T00:30:04,2025-09-05,False
899468,41,2025-09-06T15:45:29,2025-09-07T00:39:05,2025-09-06,False
899469,41,2025-09-07T15:06:43,2025-09-08T00:29:18,2025-09-07,False
899470,41,2025-09-09T09:12:59,2025-09-09T17:01:18,2025-09-09,False
899471,41,2025-09-11T08:50:47,2025-09-11T17:02:37,2025-09-11,False
899472,45,2025-07-29T17:51:54,2025-07-30T00:37:20,2025-07-29,False
899473,45,2025-07-30T18:49:15,2025-07-31T00:10:29,2025-07-30,False
899474,45,2025-07-31T18:57:14,2025-08-01T00:25:31,2025-07-31,False
899475,45,2025-08-01T17:50:24,2025-08-02T00:40:08,2025-08-01,False
899476,45,2025-08-02T17:50:43,2025-08-03T00:30:40,2025-08-02,False
899477,45,2025-08-03T14:51:59,2025-08-04T00:31:59,2025-08-03,False
899478,45,2025-08-06T17:55:31,2025-08-07T00:06:21,2025-08-06,False
899479,45,2025-08-08T18:52:21,2025-08-09T00:33:10,2025-08-08,False
899480,45,2025-08-09T17:54:56,2025-08-10T00:48:13,2025-08-09,False
899481,45,2025-08-10T17:55:47,2025-08-11T00:38:02,2025-08-10,False
899482,45,2025-08-13T17:42:44,2025-08-14T00:43:42,2025-08-13,False
899483,45,2025-08-16T18:42:30,2025-08-17T00:37:17,2025-08-16,False
899484,45,2025-08-17T16:52:25,2025-08-18T00:25:30,2025-08-17,False
899485,45,2025-08-19T17:34:41,2025-08-20T00:28:42,2025-08-19,False
899486,45,2025-08-20T17:15:00,2025-08-21T00:04:50,2025-08-20,False
899487,45,2025-08-21T17:25:20,2025-08-22T00:10:11,2025-08-21,False
899488,45,2025-08-23T16:52:54,2025-08-24T00:28:02,2025-08-23,False
899489,45,2025-08-24T15:26:39,2025-08-25T00:25:28,2025-08-24,False
899490,45,2025-08-26T17:05:48,2025-08-27T00:16:00,2025-08-26,False
899491,45,2025-08-27T17:15:10,2025-08-27T18:06:36,2025-08-27,False
899492,45,2025-08-28T17:45:22,2025-08-29T00:34:36,2025-08-28,False
899493,45,2025-08-30T16:54:38,2025-08-31T00:31:46,2025-08-30,False
899494,45,2025-09-02T17:47:00,2025-09-02T22:13:49,2025-09-02,False
899495,45,2025-09-04T17:51:57,2025-09-05T00:09:10,2025-09-04,False
899496,45,2025-09-05T17:53:12,2025-09-06T00:13:31,2025-09-05,False
899497,51,2025-07-29T18:27:21,2025-07-30T00:37:33,2025-07-29,False
899498,51,2025-07-30T17:00:26,2025-07-31T00:14:12,2025-07-30,False
899499,51,2025-08-01T18:39:54,2025-08-02T00:44:22,2025-08-01,False
899500,51,2025-08-02T12:01:00,2025-08-03T00:33:20,2025-08-02,False
899501,51,2025-08-03T11:06:19,2025-08-03T22:01:23,2025-08-03,False
899502,51,2025-08-06T14:12:15,2025-08-07T00:13:42,2025-08-06,False
899503,51,2025-08-07T13:56:37,2025-08-08T00:11:18,2025-08-07,False
899504,51,2025-08-08T17:57:49,2025-08-09T00:37:24,2025-08-08,False
899505,51,2025-08-09T11:59:19,2025-08-10T00:50:50,2025-08-09,False
899506,51,2025-08-10T11:59:51,2025-08-11T00:39:40,2025-08-10,False
899507,51,2025-08-12T18:00:23,2025-08-13T00:23:53,2025-08-12,False
899508,51,2025-08-14T17:02:43,2025-08-15T00:23:56,2025-08-14,False
899509,51,2025-08-15T13:03:26,2025-08-16T00:48:36,2025-08-15,False
899510,51,2025-08-16T18:07:59,2025-08-17T00:41:54,2025-08-16,False
899511,51,2025-08-17T11:12:37,2025-08-18T00:27:07,2025-08-17,False
899512,51,2025-08-19T18:05:31,2025-08-20T00:26:52,2025-08-19,False
899513,51,2025-08-20T18:18:16,2025-08-21T00:04:24,2025-08-20,False
899514,51,2025-08-21T14:08:45,2025-08-22T00:23:36,2025-08-21,False
899515,51,2025-08-22T18:30:38,2025-08-23T00:46:04,2025-08-22,False
899516,51,2025-08-23T11:14:23,2025-08-24T00:29:56,2025-08-23,False
899517,51,2025-08-24T11:13:15,2025-08-24T21:12:43,2025-08-24,False
899518,51,2025-08-26T13:32:48,2025-08-27T00:17:15,2025-08-26,False
899519,51,2025-08-27T18:22:49,2025-08-28T00:52:15,2025-08-27,False
899520,51,2025-08-29T14:03:00,2025-08-30T01:03:10,2025-08-29,False
899521,51,2025-08-30T13:59:42,2025-08-31T00:32:19,2025-08-30,False
899522,51,2025-08-31T14:00:01,2025-09-01T01:38:57,2025-08-31,False
899523,51,2025-09-03T16:56:24,2025-09-04T00:24:10,2025-09-03,False
899524,51,2025-09-04T17:11:23,2025-09-05T00:08:25,2025-09-04,False
899525,51,2025-09-05T17:02:37,2025-09-06T00:26:07,2025-09-05,False
899526,51,2025-09-07T11:23:51,2025-09-07T22:17:59,2025-09-07,False
899527,51,2025-09-09T13:00:27,2025-09-10T00:12:29,2025-09-09,False
899528,51,2025-09-10T16:58:34,2025-09-11T00:07:44,2025-09-10,False
899529,53,2025-07-29T17:00:39,2025-07-30T00:36:25,2025-07-29,False
899530,53,2025-07-30T07:47:48,2025-07-30T16:14:37,2025-07-30,False
899531,53,2025-07-31T17:01:08,2025-08-01T00:24:50,2025-07-31,False
899532,53,2025-08-01T16:44:22,2025-08-02T00:50:59,2025-08-01,False
899533,53,2025-08-02T14:19:01,2025-08-03T00:33:03,2025-08-02,False
899534,53,2025-08-03T12:21:23,2025-08-04T00:32:10,2025-08-03,False
899535,53,2025-08-07T17:58:19,2025-08-08T00:08:44,2025-08-07,False
899536,53,2025-08-08T13:13:55,2025-08-09T00:37:08,2025-08-08,False
899537,53,2025-08-09T14:15:03,2025-08-10T00:52:33,2025-08-09,False
899538,53,2025-08-10T12:23:34,2025-08-11T00:39:11,2025-08-10,False
899539,53,2025-08-12T17:18:00,2025-08-13T00:29:37,2025-08-12,False
899540,53,2025-08-13T16:55:58,2025-08-14T00:47:00,2025-08-13,False
899541,53,2025-08-14T17:09:44,2025-08-15T00:35:12,2025-08-14,False
899542,53,2025-08-15T16:58:21,2025-08-16T00:47:56,2025-08-15,False
899543,53,2025-08-16T14:11:00,2025-08-17T00:40:17,2025-08-16,False
899544,53,2025-08-19T16:59:12,2025-08-20T00:29:18,2025-08-19,False
899545,53,2025-08-20T13:28:00,2025-08-21T00:03:33,2025-08-20,False
899546,53,2025-08-21T17:09:57,2025-08-22T00:17:40,2025-08-21,False
899547,53,2025-08-22T11:04:46,2025-08-22T21:28:12,2025-08-22,False
899548,53,2025-08-23T13:45:57,2025-08-24T00:33:34,2025-08-23,False
899549,53,2025-08-24T11:46:42,2025-08-25T00:17:36,2025-08-24,False
899550,53,2025-08-26T12:53:05,2025-08-26T22:28:41,2025-08-26,False
899551,53,2025-08-27T11:46:09,2025-08-28T00:43:05,2025-08-27,False
899552,53,2025-08-28T12:27:37,2025-08-29T00:35:21,2025-08-28,False
899553,53,2025-08-29T12:04:01,2025-08-30T01:06:00,2025-08-29,False
899554,53,2025-08-30T12:28:53,2025-08-31T00:31:33,2025-08-30,False
899555,53,2025-08-31T14:12:34,2025-09-01T02:15:49,2025-08-31,False
899556,53,2025-09-02T12:22:29,2025-09-03T00:20:40,2025-09-02,False
899557,53,2025-09-03T15:23:32,2025-09-04T00:21:14,2025-09-03,False
899558,53,2025-09-04T08:23:28,2025-09-04T15:06:03,2025-09-04,False
899559,53,2025-09-05T12:27:01,2025-09-06T00:23:44,2025-09-05,False
899560,53,2025-09-06T16:56:49,2025-09-07T00:19:43,2025-09-06,False
899561,53,2025-09-07T14:00:50,2025-09-08T00:11:35,2025-09-07,False
899562,53,2025-09-10T12:18:18,2025-09-10T21:45:51,2025-09-10,False
899563,56,2025-07-29T12:59:26,2025-07-30T00:36:03,2025-07-29,False
899564,56,2025-07-30T16:45:53,2025-07-31T00:13:34,2025-07-30,False
899565,56,2025-07-31T17:00:59,2025-08-01T00:24:09,2025-07-31,False
899566,56,2025-08-01T12:12:30,2025-08-01T18:05:58,2025-08-01,False
899567,56,2025-08-01T20:54:40,2025-08-02T00:38:23,2025-08-01,False
899568,56,2025-08-02T12:20:07,2025-08-03T00:31:51,2025-08-02,False
899569,56,2025-08-03T12:21:12,2025-08-04T00:31:38,2025-08-03,False
899570,56,2025-08-06T16:58:09,2025-08-07T00:17:57,2025-08-06,False
899571,56,2025-08-07T13:19:09,2025-08-08T00:08:28,2025-08-07,False
899572,56,2025-08-08T16:54:27,2025-08-09T00:32:43,2025-08-08,False
899573,56,2025-08-09T12:28:01,2025-08-10T00:50:24,2025-08-09,False
899574,56,2025-08-10T12:23:43,2025-08-11T00:38:10,2025-08-10,False
899575,56,2025-08-12T17:18:11,2025-08-13T00:24:01,2025-08-12,False
899576,56,2025-08-13T16:56:06,2025-08-14T00:45:57,2025-08-13,False
899577,56,2025-08-14T12:33:11,2025-08-15T00:32:43,2025-08-14,False
899578,56,2025-08-15T16:58:30,2025-08-16T00:44:46,2025-08-15,False
899579,56,2025-08-16T14:48:32,2025-08-17T00:40:49,2025-08-16,False
899580,56,2025-08-17T14:16:12,2025-08-18T00:31:51,2025-08-17,False
899581,56,2025-08-19T12:59:13,2025-08-19T22:02:54,2025-08-19,False
899582,56,2025-08-20T07:56:12,2025-08-20T16:02:49,2025-08-20,False
899583,56,2025-08-21T08:16:18,2025-08-21T15:26:27,2025-08-21,False
899584,56,2025-08-22T16:38:56,2025-08-23T00:47:27,2025-08-22,False
899585,56,2025-08-23T11:49:31,2025-08-23T22:42:28,2025-08-23,False
899586,56,2025-08-24T12:48:32,2025-08-25T00:18:23,2025-08-24,False
899587,56,2025-08-26T08:24:17,2025-08-26T17:09:14,2025-08-26,False
899588,56,2025-08-27T15:03:46,2025-08-28T00:38:18,2025-08-27,False
899589,56,2025-08-28T08:26:12,2025-08-28T14:41:29,2025-08-28,False
899590,56,2025-08-30T14:56:59,2025-08-31T00:30:43,2025-08-30,False
899591,56,2025-08-31T12:53:08,2025-09-01T02:16:57,2025-08-31,False
899592,56,2025-09-02T08:24:42,2025-09-02T15:07:34,2025-09-02,False
899593,56,2025-09-03T11:58:14,2025-09-03T21:53:32,2025-09-03,False
899594,56,2025-09-04T11:57:02,2025-09-04T22:07:57,2025-09-04,False
899595,56,2025-09-05T07:57:59,2025-09-05T17:05:50,2025-09-05,False
899596,56,2025-09-06T10:55:05,2025-09-06T22:01:40,2025-09-06,False
899597,56,2025-09-07T16:42:20,2025-09-08T00:16:21,2025-09-07,False
899598,56,2025-09-09T12:58:00,2025-09-10T00:05:28,2025-09-09,False
899599,56,2025-09-10T08:23:48,2025-09-10T15:06:38,2025-09-10,False
899600,56,2025-09-11T12:17:15,2025-09-11T22:00:13,2025-09-11,False
899601,56,2025-09-12T08:55:35,2025-09-12T15:14:43,2025-09-12,False
899602,57,2025-07-29T14:02:16,2025-07-30T00:27:59,2025-07-29,False
899603,57,2025-07-30T18:00:57,2025-07-31T00:12:42,2025-07-30,False
899604,57,2025-07-31T18:00:13,2025-08-01T00:28:57,2025-07-31,False
899605,57,2025-08-01T14:04:02,2025-08-02T00:41:04,2025-08-01,False
899606,57,2025-08-02T13:52:31,2025-08-03T00:30:51,2025-08-02,False
899607,57,2025-08-03T13:01:58,2025-08-04T00:36:34,2025-08-03,False
899608,57,2025-08-05T18:15:00,2025-08-06T00:39:51,2025-08-05,False
899609,57,2025-08-06T17:59:46,2025-08-07T00:12:24,2025-08-06,False
899610,57,2025-08-07T18:02:35,2025-08-08T00:09:39,2025-08-07,False
899611,57,2025-08-08T16:56:47,2025-08-09T00:37:34,2025-08-08,False
899612,57,2025-08-09T14:58:07,2025-08-10T00:48:49,2025-08-09,False
899613,57,2025-08-12T16:59:25,2025-08-13T00:22:22,2025-08-12,False
899614,57,2025-08-14T18:06:44,2025-08-15T00:30:47,2025-08-14,False
899615,57,2025-08-16T17:04:16,2025-08-17T00:42:25,2025-08-16,False
899616,57,2025-08-17T15:01:37,2025-08-18T00:27:19,2025-08-17,False
899617,57,2025-08-19T16:59:29,2025-08-20T00:29:04,2025-08-19,False
899618,57,2025-08-21T17:04:01,2025-08-22T00:23:24,2025-08-21,False
899619,57,2025-08-22T17:06:33,2025-08-23T00:43:08,2025-08-22,False
899620,57,2025-08-23T13:59:56,2025-08-24T00:30:21,2025-08-23,False
899621,57,2025-08-24T14:01:00,2025-08-25T00:23:46,2025-08-24,False
899622,57,2025-08-27T12:55:01,2025-08-28T00:48:00,2025-08-27,False
899623,57,2025-08-28T16:58:46,2025-08-29T00:32:42,2025-08-28,False
899624,57,2025-08-29T17:17:25,2025-08-30T01:02:10,2025-08-29,False
899625,57,2025-08-30T12:55:21,2025-08-31T00:30:56,2025-08-30,False
899626,57,2025-08-31T12:56:32,2025-09-01T01:45:57,2025-08-31,False
899627,57,2025-09-02T16:59:31,2025-09-03T00:37:20,2025-09-02,False
899628,57,2025-09-03T13:59:52,2025-09-04T00:29:44,2025-09-03,False
899629,57,2025-09-04T14:46:37,2025-09-05T00:31:18,2025-09-04,False
899630,57,2025-09-05T16:57:25,2025-09-06T00:27:29,2025-09-05,False
899631,57,2025-09-06T10:58:11,2025-09-06T20:05:45,2025-09-06,False
899632,57,2025-09-07T12:02:12,2025-09-08T00:19:27,2025-09-07,False
899633,57,2025-09-09T16:52:37,2025-09-10T00:19:23,2025-09-09,False
899634,57,2025-09-10T14:13:08,2025-09-11T00:07:18,2025-09-10,False
899635,57,2025-09-11T13:51:25,2025-09-12T00:11:22,2025-09-11,False
899651,59,2025-08-20T07:56:49,2025-08-20T16:47:57,2025-08-20,False
899652,59,2025-08-21T07:56:13,2025-08-21T17:25:29,2025-08-21,False
899653,59,2025-08-22T08:01:32,2025-08-22T17:11:44,2025-08-22,False
899654,59,2025-08-23T07:54:16,2025-08-23T17:17:06,2025-08-23,False
899655,59,2025-08-24T07:51:37,2025-08-24T16:31:03,2025-08-24,False
899656,59,2025-08-26T08:01:23,2025-08-26T17:30:16,2025-08-26,False
899657,59,2025-08-27T07:57:08,2025-08-27T17:03:40,2025-08-27,False
899658,59,2025-08-28T08:00:04,2025-08-28T17:23:28,2025-08-28,False
899659,59,2025-08-29T07:52:28,2025-08-29T18:17:20,2025-08-29,False
899660,59,2025-08-30T08:00:19,2025-08-30T17:04:08,2025-08-30,False
899661,59,2025-08-31T07:52:25,2025-08-31T17:55:43,2025-08-31,False
899662,59,2025-09-02T07:55:04,2025-09-02T17:01:49,2025-09-02,False
899663,59,2025-09-03T07:58:25,2025-09-03T16:35:55,2025-09-03,False
899664,59,2025-09-04T07:56:10,2025-09-04T15:54:08,2025-09-04,False
899665,59,2025-09-05T07:56:20,2025-09-05T17:36:40,2025-09-05,False
899666,61,2025-07-29T08:19:15,2025-07-29T17:03:32,2025-07-29,False
899667,61,2025-07-30T08:17:36,2025-07-30T15:37:41,2025-07-30,False
899668,61,2025-07-31T08:12:36,2025-07-31T15:53:31,2025-07-31,False
899669,61,2025-08-01T07:56:32,2025-08-01T14:11:49,2025-08-01,False
899670,61,2025-08-02T08:43:37,2025-08-02T18:03:21,2025-08-02,False
899671,61,2025-08-03T08:13:19,2025-08-03T18:01:14,2025-08-03,False
899672,61,2025-08-05T13:59:26,2025-08-06T00:35:34,2025-08-05,False
899673,61,2025-08-06T14:03:12,2025-08-07T00:16:36,2025-08-06,False
899674,61,2025-08-07T13:59:06,2025-08-08T00:18:22,2025-08-07,False
899675,61,2025-08-08T14:00:08,2025-08-09T00:29:44,2025-08-08,False
899676,61,2025-08-09T14:00:01,2025-08-10T00:52:00,2025-08-09,False
899677,61,2025-08-10T08:06:28,2025-08-10T18:00:34,2025-08-10,False
899678,61,2025-08-12T08:02:14,2025-08-12T17:03:11,2025-08-12,False
899679,61,2025-08-13T08:07:22,2025-08-13T17:05:57,2025-08-13,False
899680,61,2025-08-14T08:01:48,2025-08-14T17:06:50,2025-08-14,False
899681,61,2025-08-15T08:05:23,2025-08-15T17:13:25,2025-08-15,False
899682,61,2025-08-16T08:10:22,2025-08-16T14:46:08,2025-08-16,False
899683,61,2025-08-17T07:59:44,2025-08-17T15:05:21,2025-08-17,False
899684,61,2025-08-19T14:01:48,2025-08-20T00:35:50,2025-08-19,False
899685,61,2025-08-20T14:01:42,2025-08-20T23:51:00,2025-08-20,False
899686,61,2025-08-21T14:01:18,2025-08-22T00:18:21,2025-08-21,False
899687,61,2025-08-22T14:03:50,2025-08-23T00:42:50,2025-08-22,False
899688,61,2025-08-23T14:00:05,2025-08-24T00:36:28,2025-08-23,False
899689,61,2025-08-24T14:00:04,2025-08-25T00:12:57,2025-08-24,False
899690,61,2025-08-26T08:03:37,2025-08-26T17:23:34,2025-08-26,False
899691,61,2025-08-28T07:50:20,2025-08-28T17:17:45,2025-08-28,False
899692,61,2025-08-29T07:52:16,2025-08-29T17:06:12,2025-08-29,False
899693,61,2025-08-30T08:14:43,2025-08-30T14:41:09,2025-08-30,False
899694,61,2025-09-02T13:59:50,2025-09-03T00:19:07,2025-09-02,False
899695,61,2025-09-03T14:09:50,2025-09-04T00:24:40,2025-09-03,False
899696,61,2025-09-04T14:01:32,2025-09-05T00:16:07,2025-09-04,False
899697,61,2025-09-07T13:59:46,2025-09-08T00:34:18,2025-09-07,False
899698,61,2025-09-09T08:02:26,2025-09-09T18:00:05,2025-09-09,False
899699,61,2025-09-10T08:23:22,2025-09-10T15:36:10,2025-09-10,False
899700,61,2025-09-11T08:26:26,2025-09-11T16:59:30,2025-09-11,False
899701,63,2025-08-12T17:24:25,2025-08-13T00:22:46,2025-08-12,False
899702,63,2025-08-13T14:54:06,2025-08-14T00:41:18,2025-08-13,False
899703,63,2025-08-14T14:56:55,2025-08-15T00:30:19,2025-08-14,False
899704,63,2025-08-15T15:56:58,2025-08-16T00:47:29,2025-08-15,False
899705,63,2025-08-16T17:53:25,2025-08-17T00:43:32,2025-08-16,False
899706,63,2025-08-17T16:59:17,2025-08-18T00:28:50,2025-08-17,False
899707,63,2025-08-22T17:56:48,2025-08-23T00:45:11,2025-08-22,False
899708,63,2025-08-23T17:01:05,2025-08-24T00:30:07,2025-08-23,False
899709,63,2025-08-24T11:51:30,2025-08-25T00:14:26,2025-08-24,False
899710,63,2025-08-26T13:59:20,2025-08-27T00:16:23,2025-08-26,False
899711,63,2025-08-27T11:04:22,2025-08-27T21:07:36,2025-08-27,False
899712,63,2025-08-28T10:59:23,2025-08-28T21:01:45,2025-08-28,False
899713,63,2025-08-29T17:58:43,2025-08-30T01:02:47,2025-08-29,False
899714,63,2025-08-30T10:58:02,2025-08-31T00:30:34,2025-08-30,False
899715,63,2025-08-31T11:01:17,2025-09-01T01:43:29,2025-08-31,False
899716,63,2025-09-02T10:59:15,2025-09-02T19:19:32,2025-09-02,False
899717,63,2025-09-03T17:59:09,2025-09-04T00:22:42,2025-09-03,False
899718,63,2025-09-05T17:57:21,2025-09-06T00:14:21,2025-09-05,False
899719,63,2025-09-07T16:59:22,2025-09-08T00:19:47,2025-09-07,False
899720,63,2025-09-09T17:58:52,2025-09-10T00:04:29,2025-09-09,False
899721,63,2025-09-10T17:58:43,2025-09-11T00:06:59,2025-09-10,False
899722,65,2025-08-20T18:34:00,2025-08-20T23:57:47,2025-08-20,False
899723,65,2025-08-21T16:45:15,2025-08-22T00:18:49,2025-08-21,False
899724,65,2025-08-24T17:12:10,2025-08-25T00:19:39,2025-08-24,False
899725,65,2025-08-26T17:05:36,2025-08-27T00:22:23,2025-08-26,False
899726,65,2025-08-27T17:02:24,2025-08-28T00:48:37,2025-08-27,False
899727,65,2025-08-28T17:07:50,2025-08-29T00:37:03,2025-08-28,False
899728,65,2025-08-30T16:54:52,2025-08-31T00:33:13,2025-08-30,False
899729,65,2025-08-31T14:28:42,2025-09-01T01:43:46,2025-08-31,False
899730,65,2025-09-02T16:59:05,2025-09-03T00:29:18,2025-09-02,False
899731,65,2025-09-03T17:53:17,2025-09-04T00:23:12,2025-09-03,False
899732,65,2025-09-04T17:45:33,2025-09-05T00:14:34,2025-09-04,False
899733,65,2025-09-06T17:53:52,2025-09-07T00:35:31,2025-09-06,False
899734,65,2025-09-09T18:07:58,2025-09-10T00:18:26,2025-09-09,False
899735,65,2025-09-11T18:12:53,2025-09-12T00:12:01,2025-09-11,False
899736,2,2025-08-18T18:19:03,,2025-08-18,False
899737,2,2025-08-24T18:48:50,,2025-08-24,False
899738,2,2025-08-25T17:46:27,,2025-08-25,False
899739,2,2025-09-11T14:52:30,,2025-09-11,False
899740,3,2025-08-23T18:17:40,,2025-08-23,False
899741,5,2025-07-28T00:52:48,,2025-07-27,False
899742,7,2025-07-28T00:54:02,,2025-07-27,False
899743,7,2025-08-13T16:56:25,,2025-08-13,False
899744,10,2025-08-09T12:02:25,,2025-08-09,False
899745,10,2025-08-17T20:56:07,,2025-08-17,False
899746,10,2025-08-19T14:38:19,,2025-08-19,False
899747,10,2025-09-10T15:01:09,,2025-09-10,False
899748,10,2025-09-12T14:33:33,,2025-09-12,False
899749,11,2025-07-28T00:53:39,,2025-07-27,False
899750,11,2025-07-29T08:19:26,,2025-07-29,False
899751,11,2025-08-15T15:12:32,,2025-08-15,False
899752,11,2025-08-28T17:25:11,,2025-08-28,False
899753,11,2025-08-30T08:44:54,,2025-08-30,False
899754,12,2025-08-21T00:08:30,,2025-08-20,False
899755,12,2025-09-12T12:01:37,,2025-09-12,False
899756,13,2025-07-27T23:04:11,,2025-07-27,False
899757,13,2025-08-10T08:02:12,,2025-08-10,False
899758,14,2025-08-09T22:02:41,,2025-08-09,False
899759,14,2025-08-17T07:59:56,,2025-08-17,False
899760,14,2025-09-12T08:08:43,,2025-09-12,False
899761,16,2025-07-29T07:49:32,,2025-07-29,False
899762,16,2025-07-30T07:37:13,,2025-07-30,False
899763,16,2025-07-31T07:50:08,,2025-07-31,False
899764,16,2025-08-01T07:49:10,,2025-08-01,False
899765,16,2025-08-02T07:41:40,,2025-08-02,False
899766,16,2025-08-03T07:21:31,,2025-08-03,False
899767,16,2025-08-05T07:42:10,,2025-08-05,False
899768,16,2025-08-07T07:43:01,,2025-08-07,False
899769,16,2025-08-08T07:32:59,,2025-08-08,False
899770,16,2025-08-10T07:39:02,,2025-08-10,False
899771,16,2025-08-12T07:42:50,,2025-08-12,False
899772,16,2025-08-13T07:21:26,,2025-08-13,False
899773,16,2025-08-14T07:31:00,,2025-08-14,False
899774,16,2025-08-16T07:28:18,,2025-08-16,False
899775,16,2025-08-17T07:44:20,,2025-08-17,False
899776,16,2025-08-19T07:40:27,,2025-08-19,False
899777,16,2025-08-20T07:49:35,,2025-08-20,False
899778,16,2025-08-21T07:52:07,,2025-08-21,False
899779,16,2025-08-22T07:50:46,,2025-08-22,False
899780,16,2025-08-23T07:40:12,,2025-08-23,False
899781,16,2025-08-24T07:40:26,,2025-08-24,False
899782,16,2025-08-26T07:44:05,,2025-08-26,False
899783,16,2025-08-27T07:43:48,,2025-08-27,False
899784,16,2025-08-28T07:31:08,,2025-08-28,False
899785,16,2025-08-29T07:49:01,,2025-08-29,False
899786,16,2025-08-30T07:41:10,,2025-08-30,False
899787,16,2025-08-31T07:53:44,,2025-08-31,False
899788,16,2025-09-02T07:42:58,,2025-09-02,False
899789,16,2025-09-03T07:45:05,,2025-09-03,False
899790,16,2025-09-04T07:42:21,,2025-09-04,False
899791,16,2025-09-05T07:34:45,,2025-09-05,False
899792,16,2025-09-06T07:43:16,,2025-09-06,False
899793,16,2025-09-07T07:32:52,,2025-09-07,False
899794,16,2025-09-09T07:51:08,,2025-09-09,False
899795,16,2025-09-10T07:33:02,,2025-09-10,False
899796,16,2025-09-11T07:43:53,,2025-09-11,False
899797,16,2025-09-12T07:19:06,,2025-09-12,False
899798,24,2025-07-28T00:57:13,,2025-07-27,False
899799,24,2025-09-12T08:08:52,,2025-09-12,False
899800,28,2025-07-28T00:51:59,,2025-07-27,False
899801,28,2025-08-07T00:13:31,,2025-08-06,False
899802,28,2025-08-10T00:49:24,,2025-08-09,False
899803,28,2025-08-19T11:00:28,,2025-08-19,False
899804,28,2025-09-03T16:57:02,,2025-09-03,False
899805,28,2025-09-12T13:57:16,,2025-09-12,False
899806,30,2025-09-12T07:06:50,,2025-09-12,False
899807,32,2025-07-31T08:08:09,,2025-07-31,False
899808,32,2025-08-05T08:06:03,,2025-08-05,False
899809,32,2025-08-06T08:03:37,,2025-08-06,False
899810,32,2025-08-07T08:06:50,,2025-08-07,False
899811,32,2025-08-08T08:04:26,,2025-08-08,False
899812,32,2025-08-12T08:09:18,,2025-08-12,False
899813,32,2025-08-13T08:07:51,,2025-08-13,False
899814,32,2025-08-14T08:05:24,,2025-08-14,False
899815,32,2025-08-15T08:05:47,,2025-08-15,False
899816,32,2025-08-19T07:49:05,,2025-08-19,False
899817,32,2025-08-20T08:06:54,,2025-08-20,False
899818,32,2025-08-21T08:08:29,,2025-08-21,False
899819,32,2025-08-22T08:05:38,,2025-08-22,False
899820,32,2025-08-26T08:07:34,,2025-08-26,False
899821,32,2025-08-27T08:07:46,,2025-08-27,False
899822,32,2025-08-28T08:08:16,,2025-08-28,False
899823,32,2025-08-29T08:07:53,,2025-08-29,False
899824,32,2025-09-03T07:55:42,,2025-09-03,False
899825,32,2025-09-05T07:55:57,,2025-09-05,False
899826,32,2025-09-10T08:01:59,,2025-09-10,False
899827,35,2025-09-07T16:20:03,,2025-09-07,False
899828,36,2025-08-20T17:50:10,,2025-08-20,False
899829,36,2025-09-09T08:10:01,,2025-09-09,False
899830,36,2025-09-11T07:58:09,,2025-09-11,False
899831,38,2025-08-09T14:19:34,,2025-08-09,False
899832,41,2025-07-28T00:54:40,,2025-07-27,False
899833,41,2025-08-17T15:48:15,,2025-08-17,False
899834,41,2025-09-12T09:02:28,,2025-09-12,False
899835,45,2025-07-28T00:55:04,,2025-07-27,False
899836,51,2025-07-28T00:56:33,,2025-07-27,False
899837,51,2025-07-31T13:54:01,,2025-07-31,False
899838,51,2025-08-05T18:55:35,,2025-08-05,False
899839,51,2025-08-13T18:06:53,,2025-08-13,False
899840,51,2025-08-24T21:13:26,,2025-08-24,False
899841,51,2025-09-03T00:24:48,,2025-09-02,False
899842,51,2025-09-06T13:19:44,,2025-09-06,False
899843,51,2025-09-12T12:59:39,,2025-09-12,False
893105,35,2025-09-07T08:00:00,2025-09-07T16:20:00,2025-09-07,True
899844,53,2025-07-28T00:51:24,,2025-07-27,False
